/*M!999999\- enable the sandbox mode */ 
-- MariaDB dump 10.19-11.6.2-MariaDB, for Linux (x86_64)
--
-- Host: localhost    Database: scoresys
-- ------------------------------------------------------
-- Server version	11.6.2-MariaDB

/*!40101 SET @OLD_CHARACTER_SET_CLIENT=@@CHARACTER_SET_CLIENT */;
/*!40101 SET @OLD_CHARACTER_SET_RESULTS=@@CHARACTER_SET_RESULTS */;
/*!40101 SET @OLD_COLLATION_CONNECTION=@@COLLATION_CONNECTION */;
/*!40101 SET NAMES utf8mb4 */;
/*!40103 SET @OLD_TIME_ZONE=@@TIME_ZONE */;
/*!40103 SET TIME_ZONE='+00:00' */;
/*!40014 SET @OLD_UNIQUE_CHECKS=@@UNIQUE_CHECKS, UNIQUE_CHECKS=0 */;
/*!40014 SET @OLD_FOREIGN_KEY_CHECKS=@@FOREIGN_KEY_CHECKS, FOREIGN_KEY_CHECKS=0 */;
/*!40101 SET @OLD_SQL_MODE=@@SQL_MODE, SQL_MODE='NO_AUTO_VALUE_ON_ZERO' */;
/*M!100616 SET @OLD_NOTE_VERBOSITY=@@NOTE_VERBOSITY, NOTE_VERBOSITY=0 */;

--
-- Table structure for table `course`
--

DROP TABLE IF EXISTS `course`;
/*!40101 SET @saved_cs_client     = @@character_set_client */;
/*!40101 SET character_set_client = utf8 */;
CREATE TABLE `course` (
  `course_id` varchar(36) NOT NULL,
  `course_name` varchar(50) NOT NULL,
  `class_hour` tinyint(4) DEFAULT NULL,
  `course_type_id` varchar(36) NOT NULL,
  `remark` varchar(500) DEFAULT NULL,
  PRIMARY KEY (`course_id`),
  UNIQUE KEY `course_name` (`course_name`),
  KEY `fk_course_course_type` (`course_type_id`),
  CONSTRAINT `fk_course_course_type` FOREIGN KEY (`course_type_id`) REFERENCES `course_type` (`course_type_id`)
) ENGINE=InnoDB DEFAULT CHARSET=utf8mb4 COLLATE=utf8mb4_unicode_ci;
/*!40101 SET character_set_client = @saved_cs_client */;

--
-- Dumping data for table `course`
--

LOCK TABLES `course` WRITE;
/*!40000 ALTER TABLE `course` DISABLE KEYS */;
INSERT INTO `course` VALUES
('C1001','大学英语',64,'CT01',NULL),
('C1002','科学技术基础',64,'CT01',NULL),
('C2001','打字训练',16,'CT02',NULL),
('C2002','科普英语',32,'CT02',NULL),
('C3001','计算机网络技术',80,'CT03',NULL),
('C3002','网络安全技术',48,'CT03',NULL),
('C3003','交换与路由',80,'CT03',NULL),
('C3004','数据库程序设计',80,'CT03',NULL),
('C3005','C++程序设计',80,'CT03',NULL),
('C3006','Java程序设计',64,'CT03',NULL),
('C3007','数字电子技术',64,'CT03',NULL),
('C3008','微电子制造工艺',80,'CT03',NULL);
/*!40000 ALTER TABLE `course` ENABLE KEYS */;
UNLOCK TABLES;

--
-- Table structure for table `course_type`
--

DROP TABLE IF EXISTS `course_type`;
/*!40101 SET @saved_cs_client     = @@character_set_client */;
/*!40101 SET character_set_client = utf8 */;
CREATE TABLE `course_type` (
  `course_type_id` varchar(36) NOT NULL,
  `course_type_name` varchar(50) NOT NULL,
  PRIMARY KEY (`course_type_id`),
  UNIQUE KEY `course_type_name` (`course_type_name`)
) ENGINE=InnoDB DEFAULT CHARSET=utf8mb4 COLLATE=utf8mb4_unicode_ci;
/*!40101 SET character_set_client = @saved_cs_client */;

--
-- Dumping data for table `course_type`
--

LOCK TABLES `course_type` WRITE;
/*!40000 ALTER TABLE `course_type` DISABLE KEYS */;
INSERT INTO `course_type` VALUES
('CT03','专业课'),
('CT01','基础课'),
('CT02','选修课');
/*!40000 ALTER TABLE `course_type` ENABLE KEYS */;
UNLOCK TABLES;

--
-- Table structure for table `department`
--

DROP TABLE IF EXISTS `department`;
/*!40101 SET @saved_cs_client     = @@character_set_client */;
/*!40101 SET character_set_client = utf8 */;
CREATE TABLE `department` (
  `department_id` varchar(36) NOT NULL,
  `dept_name` varchar(50) NOT NULL,
  `remark` varchar(500) DEFAULT NULL,
  PRIMARY KEY (`department_id`),
  UNIQUE KEY `dept_name` (`dept_name`)
) ENGINE=InnoDB DEFAULT CHARSET=utf8mb4 COLLATE=utf8mb4_unicode_ci;
/*!40101 SET character_set_client = @saved_cs_client */;

--
-- Dumping data for table `department`
--

LOCK TABLES `department` WRITE;
/*!40000 ALTER TABLE `department` DISABLE KEYS */;
INSERT INTO `department` VALUES
('D01','计算机系',NULL),
('D02','电子系',NULL);
/*!40000 ALTER TABLE `department` ENABLE KEYS */;
UNLOCK TABLES;

--
-- Table structure for table `ethnicity`
--

DROP TABLE IF EXISTS `ethnicity`;
/*!40101 SET @saved_cs_client     = @@character_set_client */;
/*!40101 SET character_set_client = utf8 */;
CREATE TABLE `ethnicity` (
  `ethnicity_id` char(2) NOT NULL,
  `ethnicity_name` varchar(16) NOT NULL,
  PRIMARY KEY (`ethnicity_id`),
  UNIQUE KEY `ethnicity_name` (`ethnicity_name`)
) ENGINE=InnoDB DEFAULT CHARSET=utf8mb4 COLLATE=utf8mb4_unicode_ci;
/*!40101 SET character_set_client = @saved_cs_client */;

--
-- Dumping data for table `ethnicity`
--

LOCK TABLES `ethnicity` WRITE;
/*!40000 ALTER TABLE `ethnicity` DISABLE KEYS */;
INSERT INTO `ethnicity` VALUES
('ZH','壮族'),
('HA','汉族'),
('UG','维吾尔族'),
('MG','蒙古族'),
('ZA','藏族');
/*!40000 ALTER TABLE `ethnicity` ENABLE KEYS */;
UNLOCK TABLES;

--
-- Table structure for table `faculty`
--

DROP TABLE IF EXISTS `faculty`;
/*!40101 SET @saved_cs_client     = @@character_set_client */;
/*!40101 SET character_set_client = utf8 */;
CREATE TABLE `faculty` (
  `faculty_id` varchar(36) NOT NULL,
  `faculty_password` varchar(50) DEFAULT NULL,
  `faculty_name` char(8) NOT NULL,
  `tel` varchar(32) DEFAULT NULL,
  `remark` varchar(500) DEFAULT NULL,
  PRIMARY KEY (`faculty_id`)
) ENGINE=InnoDB DEFAULT CHARSET=utf8mb4 COLLATE=utf8mb4_unicode_ci;
/*!40101 SET character_set_client = @saved_cs_client */;

--
-- Dumping data for table `faculty`
--

LOCK TABLES `faculty` WRITE;
/*!40000 ALTER TABLE `faculty` DISABLE KEYS */;
INSERT INTO `faculty` VALUES
('T001','123','高颖','13912341231',NULL),
('T002','123','吴琪琪','13912341232',NULL),
('T003','123','刘伟','13912341233',NULL),
('T004','123','王培林','13912341234',NULL),
('T005','123','李得燕','13912341235',NULL),
('T006','123','史萍','13912341236',NULL),
('T007','123','许荧中','13912341237',NULL),
('T008','123','黄敏','13912341238',NULL),
('T009','123','周可望','13912341239',NULL),
('T010','123','汪德强','13912341230',NULL);
/*!40000 ALTER TABLE `faculty` ENABLE KEYS */;
UNLOCK TABLES;

--
-- Table structure for table `major`
--

DROP TABLE IF EXISTS `major`;
/*!40101 SET @saved_cs_client     = @@character_set_client */;
/*!40101 SET character_set_client = utf8 */;
CREATE TABLE `major` (
  `major_id` varchar(36) NOT NULL,
  `major_name` varchar(50) NOT NULL,
  `department_id` varchar(36) NOT NULL,
  `remark` varchar(500) DEFAULT NULL,
  PRIMARY KEY (`major_id`),
  UNIQUE KEY `major_name` (`major_name`),
  KEY `fk_major_department` (`department_id`),
  CONSTRAINT `fk_major_department` FOREIGN KEY (`department_id`) REFERENCES `department` (`department_id`)
) ENGINE=InnoDB DEFAULT CHARSET=utf8mb4 COLLATE=utf8mb4_unicode_ci;
/*!40101 SET character_set_client = @saved_cs_client */;

--
-- Dumping data for table `major`
--

LOCK TABLES `major` WRITE;
/*!40000 ALTER TABLE `major` DISABLE KEYS */;
INSERT INTO `major` VALUES
('IT','物联网专业','D02',NULL),
('MD','多媒体专业','D01',NULL),
('ME','微电子专业','D02',NULL),
('NW','网络专业','D01',NULL),
('SW','软件专业','D01',NULL);
/*!40000 ALTER TABLE `major` ENABLE KEYS */;
UNLOCK TABLES;

--
-- Table structure for table `region`
--

DROP TABLE IF EXISTS `region`;
/*!40101 SET @saved_cs_client     = @@character_set_client */;
/*!40101 SET character_set_client = utf8 */;
CREATE TABLE `region` (
  `region_id` char(6) NOT NULL,
  `region_name` varchar(20) NOT NULL,
  PRIMARY KEY (`region_id`),
  UNIQUE KEY `region_name` (`region_name`)
) ENGINE=InnoDB DEFAULT CHARSET=utf8mb4 COLLATE=utf8mb4_unicode_ci;
/*!40101 SET character_set_client = @saved_cs_client */;

--
-- Dumping data for table `region`
--

LOCK TABLES `region` WRITE;
/*!40000 ALTER TABLE `region` DISABLE KEYS */;
INSERT INTO `region` VALUES
('530000','云南省'),
('340000','安徽省'),
('370000','山东省'),
('440000','广东省'),
('650000','新疆维吾尔自治区'),
('320000','江苏省'),
('360000','江西省'),
('130000','河北省'),
('420000','湖北省'),
('350000','福建省'),
('540000','西藏自治区');
/*!40000 ALTER TABLE `region` ENABLE KEYS */;
UNLOCK TABLES;

--
-- Table structure for table `roll`
--

DROP TABLE IF EXISTS `roll`;
/*!40101 SET @saved_cs_client     = @@character_set_client */;
/*!40101 SET character_set_client = utf8 */;
CREATE TABLE `roll` (
  `roll_id` varchar(6) NOT NULL,
  `roll_name` varchar(16) NOT NULL,
  PRIMARY KEY (`roll_id`),
  UNIQUE KEY `roll_name` (`roll_name`)
) ENGINE=InnoDB DEFAULT CHARSET=utf8mb4 COLLATE=utf8mb4_unicode_ci;
/*!40101 SET character_set_client = @saved_cs_client */;

--
-- Dumping data for table `roll`
--

LOCK TABLES `roll` WRITE;
/*!40000 ALTER TABLE `roll` DISABLE KEYS */;
INSERT INTO `roll` VALUES
('R03','休学'),
('R05','参军'),
('R01','在读'),
('R02','毕业'),
('R04','退学');
/*!40000 ALTER TABLE `roll` ENABLE KEYS */;
UNLOCK TABLES;

--
-- Table structure for table `school_class`
--

DROP TABLE IF EXISTS `school_class`;
/*!40101 SET @saved_cs_client     = @@character_set_client */;
/*!40101 SET character_set_client = utf8 */;
CREATE TABLE `school_class` (
  `school_class_id` varchar(36) NOT NULL,
  `school_class_name` varchar(50) NOT NULL,
  `major_id` varchar(36) NOT NULL,
  `remark` varchar(500) DEFAULT NULL,
  PRIMARY KEY (`school_class_id`),
  UNIQUE KEY `school_class_name` (`school_class_name`),
  KEY `fk_school_class_major` (`major_id`),
  CONSTRAINT `fk_school_class_major` FOREIGN KEY (`major_id`) REFERENCES `major` (`major_id`)
) ENGINE=InnoDB DEFAULT CHARSET=utf8mb4 COLLATE=utf8mb4_unicode_ci;
/*!40101 SET character_set_client = @saved_cs_client */;

--
-- Dumping data for table `school_class`
--

LOCK TABLES `school_class` WRITE;
/*!40000 ALTER TABLE `school_class` DISABLE KEYS */;
INSERT INTO `school_class` VALUES
('IT1021','物联网1021','IT',NULL),
('ME1021','微电子1021','ME',NULL),
('NW1031','网络1031','NW',NULL),
('SW1031','软件1031','SW',NULL),
('SW1032','软件1032','SW',NULL);
/*!40000 ALTER TABLE `school_class` ENABLE KEYS */;
UNLOCK TABLES;

--
-- Table structure for table `score`
--

DROP TABLE IF EXISTS `score`;
/*!40101 SET @saved_cs_client     = @@character_set_client */;
/*!40101 SET character_set_client = utf8 */;
CREATE TABLE `score` (
  `score_id` varchar(36) NOT NULL,
  `term` varchar(10) NOT NULL,
  `score` tinyint(4) DEFAULT NULL,
  `score1` tinyint(4) DEFAULT NULL,
  `grade` varchar(6) DEFAULT NULL,
  `grade1` varchar(6) DEFAULT NULL,
  `course_id` varchar(36) NOT NULL,
  `student_id` varchar(36) NOT NULL,
  `faculty_id` varchar(36) NOT NULL,
  `remark` varchar(500) DEFAULT NULL,
  PRIMARY KEY (`score_id`),
  KEY `fk_score_course` (`course_id`),
  KEY `fk_score_faculty` (`faculty_id`),
  KEY `fk_score_student` (`student_id`),
  KEY `idx_score` (`term`,`course_id`,`student_id`),
  CONSTRAINT `fk_score_course` FOREIGN KEY (`course_id`) REFERENCES `course` (`course_id`),
  CONSTRAINT `fk_score_faculty` FOREIGN KEY (`faculty_id`) REFERENCES `faculty` (`faculty_id`),
  CONSTRAINT `fk_score_student` FOREIGN KEY (`student_id`) REFERENCES `student` (`student_id`)
) ENGINE=InnoDB DEFAULT CHARSET=utf8mb4 COLLATE=utf8mb4_unicode_ci;
/*!40101 SET character_set_client = @saved_cs_client */;

--
-- Dumping data for table `score`
--

LOCK TABLES `score` WRITE;
/*!40000 ALTER TABLE `score` DISABLE KEYS */;
INSERT INTO `score` VALUES
('00F63D7D-F90A-4D09-9EC7-A7CEFA5EFC4C','09-10(II)',92,NULL,NULL,NULL,'C2002','SW103203','T007',NULL),
('042AC4D4-0EAD-40C5-A1F1-918DF02DA8EC','10-11(I)',86,NULL,NULL,NULL,'C3005','SW103103','T004',NULL),
('0587D749-DB51-43F5-9629-B9C5ED689840','09-10(II)',89,NULL,NULL,NULL,'C1002','SW103206','T010',NULL),
('08CFCC81-8FBC-483E-862F-B7CAAD815D50','09-10(I)',65,NULL,NULL,NULL,'C1001','SW103201','T007',NULL),
('08F0AA82-1054-40D8-AFB1-A0A8636AAFB8','09-10(I)',92,NULL,NULL,NULL,'C1001','SW103207','T007',NULL),
('0CCEC038-8C43-4DA1-A7B7-F49DAF8EAAA0','10-11(I)',67,NULL,NULL,NULL,'C3005','SW103105','T004',NULL),
('0D79B3B6-CCA8-4FB8-AE36-C11CEEBBDCFD','09-10(I)',70,NULL,NULL,NULL,'C2001','SW103204','T008',NULL),
('0E5E88E3-B82D-49A0-8025-8015AE92E5AD','10-11(I)',94,NULL,NULL,NULL,'C3005','SW103102','T004',NULL),
('0F493094-CD79-48AF-A158-A8160E749957','10-11(II)',87,NULL,NULL,NULL,'C3003','NW103101','T002',NULL),
('112FF5B7-6144-4663-BF3B-B296D6510BDA','10-11(II)',94,NULL,NULL,NULL,'C3008','ME102103','T003',NULL),
('16D21957-F88A-4819-A3DC-C1D01341E86D','10-11(I)',91,NULL,NULL,NULL,'C3001','NW103104','T001',NULL),
('173A8B59-3429-4281-B23E-A833F6BCCF3D','09-10(II)',80,NULL,NULL,NULL,'C1002','ME102102','T010',NULL),
('18A9764F-31F1-4BEA-8E91-D3E7D09B03C0','10-11(I)',67,NULL,NULL,NULL,'C3001','NW103101','T001',NULL),
('1E3279BA-E478-4E26-9DE6-9688282C9A53','09-10(I)',72,NULL,NULL,NULL,'C1001','ME102102','T007',NULL),
('1F2040D0-17A0-4EDB-90D0-468B7F612947','10-11(II)',92,NULL,NULL,NULL,'C3002','NW103101','T002',NULL),
('2015FFA5-5254-4099-9108-44C3AD4E6559','09-10(I)',56,54,NULL,NULL,'C1001','SW103105','T007',NULL),
('20820701-FCB1-4C8F-A730-B0A0BD909690','09-10(I)',66,NULL,NULL,NULL,'C2001','SW103203','T008',NULL),
('2356F348-4023-4B7B-B9CE-CB099C4F2E7D','09-10(I)',59,61,NULL,NULL,'C2001','SW103102','T008',NULL),
('256F045A-3A2D-46E7-BB9F-64C8138DE83B','10-11(II)',84,NULL,NULL,NULL,'C3006','SW103204','T005',NULL),
('25828406-45C4-4012-AD64-81A62FF76393','09-10(II)',83,NULL,NULL,NULL,'C1002','ME102104','T010',NULL),
('27018494-84D4-42E3-A985-0B776E04063C','09-10(II)',59,62,NULL,NULL,'C1002','NW103102','T010',NULL),
('27731D17-6EFD-465D-A400-EBE927CC61FC','10-11(I)',90,NULL,NULL,NULL,'C3005','SW103104','T004',NULL),
('2A0F9505-5E76-44B5-9FD0-A23357A856AC','09-10(II)',55,62,NULL,NULL,'C2002','NW103104','T007',NULL),
('2AB3CA42-8825-4C83-A26D-7423F2D2FA8C','09-10(I)',72,NULL,NULL,NULL,'C1001','ME102105','T007',NULL),
('2CFA88B6-8EBF-427F-84D7-E305DB4D7F1C','09-10(I)',91,NULL,NULL,NULL,'C1001','NW103104','T007',NULL),
('2D856597-E76F-4A08-8956-A048BCBAB088','09-10(I)',56,60,NULL,NULL,'C1001','SW103205','T007',NULL),
('30884C29-E334-4C59-8C93-BCA863E3A6E1','09-10(II)',68,NULL,NULL,NULL,'C1002','SW103102','T010',NULL),
('3155C879-11E5-44FD-90F0-8AD9A591B94A','09-10(II)',56,60,NULL,NULL,'C1002','NW103104','T010',NULL),
('33AB3F2D-6D1B-46B1-8ED1-278FFDCE0EB2','10-11(II)',32,60,NULL,NULL,'C3003','NW103103','T002',NULL),
('34AC4996-E18B-43AA-8AD3-6FB23B2CC618','09-10(I)',81,NULL,NULL,NULL,'C2001','SW103205','T008',NULL),
('3731E119-61F9-4FB3-A5EF-D3502E4B750D','10-11(I)',61,NULL,NULL,NULL,'C3007','ME102104','T006',NULL),
('3746986B-F0CE-488B-8315-DACF67786736','09-10(II)',61,NULL,NULL,NULL,'C1002','SW103104','T010',NULL),
('3D2D1252-1DD6-48E3-AA38-81A94EC374DD','10-11(I)',66,NULL,NULL,NULL,'C3001','NW103105','T001',NULL),
('3E7DC00F-9C07-4EC8-A5E0-A532F550F801','09-10(II)',56,61,NULL,NULL,'C1002','NW103105','T010',NULL),
('4003CCE6-0392-4463-939F-C27A61683C9D','10-11(II)',57,51,NULL,NULL,'C3004','SW103203','T009',NULL),
('42A7B808-97F6-43CE-BC67-1050C1A6227D','10-11(II)',94,NULL,NULL,NULL,'C3004','SW103103','T009',NULL),
('4877925F-469D-4876-B214-39FB7AB528C6','09-10(I)',59,60,NULL,NULL,'C2001','SW103104','T008',NULL),
('4BE49773-11AC-4FC7-BEC2-DFC5534EDA68','09-10(I)',72,NULL,NULL,NULL,'C2001','SW103101','T008',NULL),
('5035FFB7-7424-44CE-877E-0BF8B1B281D8','10-11(II)',79,NULL,NULL,NULL,'C3004','SW103102','T009',NULL),
('5247423D-1DBD-4458-B2B0-9F1A88E00EA5','10-11(I)',65,NULL,NULL,NULL,'C3001','NW103102','T001',NULL),
('52B197D6-7233-41A1-A663-A5D96C8997DD','09-10(II)',79,NULL,NULL,NULL,'C1002','SW103201','T010',NULL),
('549F6A74-ABFC-490A-8C9E-9463C7C2AC8D','10-11(I)',53,58,NULL,NULL,'C3001','NW103103','T001',NULL),
('54EDDCA4-1792-4E7E-9E1E-F1EAA7D1BB73','09-10(I)',60,NULL,NULL,NULL,'C1001','SW103103','T007',NULL),
('55049D72-6CB7-4853-91CA-EC790C557925','09-10(II)',54,61,NULL,NULL,'C1002','SW103103','T010',NULL),
('599991B2-09F0-49B2-B098-56E5C5364A71','09-10(II)',81,NULL,NULL,NULL,'C2002','NW103101','T007',NULL),
('5BC317E6-3DF1-4776-94A1-68F7313D581A','09-10(I)',93,NULL,NULL,NULL,'C1001','NW103102','T007',NULL),
('5E8D750A-F420-4FE8-A5AA-8FAEFFF220AE','10-11(II)',73,NULL,NULL,NULL,'C3002','NW103107','T002',NULL),
('60CF9F85-1CEB-4D98-8BB3-17E3A87173D6','10-11(I)',63,NULL,NULL,NULL,'C3001','NW103107','T001',NULL),
('639A9B7D-B969-4F64-8E38-E5CDE4DF96D5','09-10(I)',66,NULL,NULL,NULL,'C1001','NW103101','T007',NULL),
('658770F2-FAEE-449D-95FB-895CBCE549B0','09-10(I)',79,NULL,NULL,NULL,'C2001','SW103207','T008',NULL),
('66126762-CC34-4CFB-80B8-EAED2C12857A','10-11(II)',72,NULL,NULL,NULL,'C3004','SW103204','T009',NULL),
('6703C119-7316-44EE-A2AD-C5613541E7D0','10-11(I)',89,NULL,NULL,NULL,'C3007','ME102103','T006',NULL),
('6754F534-EDC4-422A-A5FA-0AE23EC72268','09-10(II)',62,NULL,NULL,NULL,'C1002','SW103204','T010',NULL),
('6A7106BA-9F28-4F21-B4DA-C51E3101D520','10-11(I)',76,NULL,NULL,NULL,'C3007','ME102102','T006',NULL),
('6AABEB14-0FD0-4B04-92AC-3F62CE6C204E','09-10(II)',67,NULL,NULL,NULL,'C1002','SW103101','T010',NULL),
('6E4E944F-E689-460B-BFF6-8361624DF015','10-11(II)',62,NULL,NULL,NULL,'C3003','NW103102','T002',NULL),
('6EEA5229-3328-4F43-A56F-CFD81D748246','10-11(II)',70,NULL,NULL,NULL,'C3004','SW103105','T009',NULL),
('73A592C5-CE5A-428B-9BBB-82DF1C3ADEF2','09-10(II)',86,NULL,NULL,NULL,'C1002','SW103202','T010',NULL),
('7493740A-2E7E-4D93-9B6B-98D46CC8D060','09-10(II)',87,NULL,NULL,NULL,'C1002','ME102105','T010',NULL),
('7DD5D39B-39E9-4417-BAC7-D08CB41C6D43','09-10(I)',94,NULL,NULL,NULL,'C1001','SW103101','T007',NULL),
('7F030B76-6ADB-4B13-9C4C-E2D1ACD3D149','09-10(II)',91,NULL,NULL,NULL,'C1002','NW103101','T010',NULL),
('7F9D3965-3D04-46A6-B2E0-7ECFD3A415D0','10-11(II)',88,NULL,NULL,NULL,'C3006','SW103207','T005',NULL),
('8298097A-9729-40B5-B626-1201D1696317','09-10(I)',62,NULL,NULL,NULL,'C1001','NW103107','T007',NULL),
('89758F01-906A-4419-8143-EC646055756C','10-11(II)',65,NULL,NULL,NULL,'C3006','SW103201','T005',NULL),
('8AC0CDC5-BEF2-4D76-9D4D-C9A070248F8A','09-10(II)',67,NULL,NULL,NULL,'C1002','SW103105','T010',NULL),
('8C4B77CB-7C0F-4B0E-939F-5C5B290E52EF','09-10(I)',93,NULL,NULL,NULL,'C1001','SW103104','T007',NULL),
('8F1072F5-A515-4C54-BE44-9DBC3C87044C','10-11(II)',53,NULL,NULL,NULL,'C3004','SW103207','T009',NULL),
('90A3C754-15B9-4474-9E41-44FBA3D63D89','10-11(II)',95,NULL,NULL,NULL,'C3004','SW103201','T009',NULL),
('92782DEE-F787-495A-A53E-1A4093315711','09-10(II)',91,NULL,NULL,NULL,'C1002','NW103107','T010',NULL),
('92851DC0-FC61-4462-818D-07A8E80892C3','09-10(II)',69,NULL,NULL,NULL,'C1002','NW103103','T010',NULL),
('95457627-0728-41A3-9859-AB5D2B47C069','09-10(I)',80,NULL,NULL,NULL,'C1001','SW103206','T007',NULL),
('97235681-4A0A-4194-9704-92B43E364CE8','09-10(I)',76,NULL,NULL,NULL,'C1001','SW103203','T007',NULL),
('99FA0939-F1DA-4812-8084-7047F8C7F955','10-11(II)',78,NULL,NULL,NULL,'C3003','NW103105','T002',NULL),
('99FE7717-E45D-4857-8035-5B68A751DD40','10-11(II)',NULL,86,NULL,NULL,'C3002','NW103105','T002',NULL),
('9C9A31DE-C4E3-4DC4-8D7B-F90BE0C2567D','10-11(II)',97,NULL,NULL,NULL,'C3004','SW103202','T009',NULL),
('9CE466F1-0BAE-4A9E-91DF-D8EB22E50069','09-10(I)',87,NULL,NULL,NULL,'C2001','SW103206','T008',NULL),
('9F60B847-3D5C-4A39-A4E1-71882F103503','09-10(II)',62,NULL,NULL,NULL,'C1002','SW103205','T010',NULL),
('A27ED42A-A88D-45C4-9F80-F90DAF50C65B','10-11(II)',90,NULL,NULL,NULL,'C3002','NW103104','T002',NULL),
('A9D6BF6F-9849-4973-B4DA-F710051C8A19','09-10(I)',63,NULL,NULL,NULL,'C2001','SW103103','T008',NULL),
('AADBFE59-3CFF-4615-9747-6F9A1C95369A','10-11(II)',62,NULL,NULL,NULL,'C3008','ME102104','T003',NULL),
('AE5712F8-7B68-459D-8E62-F05D734F3A4E','10-11(II)',66,NULL,NULL,NULL,'C3004','SW103101','T009',NULL),
('B28B6750-4108-42C2-87D8-EB0901F6406F','09-10(I)',92,NULL,NULL,NULL,'C1001','SW103202','T007',NULL),
('B3A97E32-4367-410B-8004-9A816443F205','09-10(I)',80,NULL,NULL,NULL,'C1001','NW103103','T007',NULL),
('B95DCBFE-7A76-44F4-94F1-162F3D5ABB1B','10-11(I)',82,NULL,NULL,NULL,'C3005','SW103101','T004',NULL),
('B9B10F21-53B3-4690-9C70-76869E14ABA2','10-11(II)',80,NULL,NULL,NULL,'C3004','SW103104','T009',NULL),
('C5C584D9-B4DF-4A85-9F08-4A7C5831FE48','10-11(II)',89,NULL,NULL,NULL,'C3006','SW103205','T005',NULL),
('C676886E-0F19-47D1-80DC-5B4BD619BF81','10-11(II)',82,NULL,NULL,NULL,'C3002','NW103103','T002',NULL),
('CD017716-6A37-4F68-88A2-2506402036F5','09-10(I)',81,NULL,NULL,NULL,'C1001','SW103204','T007',NULL),
('CDFBDF7E-EDD7-4BEA-9F44-EBD9892C6122','10-11(II)',87,NULL,NULL,NULL,'C3004','SW103205','T009',NULL),
('CE8D669D-3C6B-4439-B358-7A1DC6A7C2E5','09-10(I)',80,NULL,NULL,NULL,'C1001','SW103102','T007',NULL),
('CED478A7-2E7A-45BA-A181-395325130669','09-10(I)',70,NULL,NULL,NULL,'C2001','SW103201','T008',NULL),
('CFC3C083-BE7A-49F5-8C8D-422CE0D89846','09-10(I)',78,NULL,NULL,NULL,'C1001','NW103105','T007',NULL),
('D330EFF0-B864-483D-B684-A50E2A27ABEE','09-10(I)',65,NULL,NULL,NULL,'C1001','ME102104','T007',NULL),
('D4004E16-82E5-4A6D-ADC7-17458D513558','10-11(II)',62,NULL,NULL,NULL,'C3003','NW103107','T002',NULL),
('DA3A0AD6-9797-4E0A-B611-9E02A844CBCA','09-10(II)',85,NULL,NULL,NULL,'C1002','SW103203','T010',NULL),
('DA6EFFFE-ED3D-42D8-AC13-CE200B205033','10-11(II)',85,NULL,NULL,NULL,'C3006','SW103203','T005',NULL),
('E014A4E0-C427-414B-928B-7565F40F8747','09-10(II)',65,NULL,NULL,NULL,'C2002','ME102103','T007',NULL),
('E25118D7-DB38-4775-ABC5-5BCCB2D505D0','09-10(II)',67,NULL,NULL,NULL,'C1002','SW103207','T010',NULL),
('E4DC2BAA-DB81-4A9C-BA2A-E4A47D390B0A','09-10(I)',69,NULL,NULL,NULL,'C1001','ME102103','T007',NULL),
('E52249A2-BB76-4FD5-922D-032D179A8D6B','10-11(II)',84,NULL,NULL,NULL,'C3006','SW103202','T005',NULL),
('E7692D2F-D099-4D68-A985-92D38D563C7F','10-11(I)',88,NULL,NULL,NULL,'C3007','ME102105','T006',NULL),
('EF26245D-8E0D-4AD8-9624-E82289318C57','09-10(I)',37,60,NULL,NULL,'C2001','SW103105','T008',NULL),
('F1EB8A83-63A1-4465-9FD6-5CDF75CC81B3','10-11(II)',54,60,NULL,NULL,'C3008','ME102105','T003',NULL),
('F27DF8AD-30E3-4C6B-B0B1-C75CBE66DF15','09-10(II)',75,NULL,NULL,NULL,'C2002','SW103204','T007',NULL),
('F303555F-1792-4894-B780-C2C3546B7FC9','10-11(II)',77,NULL,NULL,NULL,'C3002','NW103102','T002',NULL),
('F39EC5E7-3D3A-4361-8A49-83D961D1E1EF','09-10(II)',80,NULL,NULL,NULL,'C1002','ME102103','T010',NULL),
('F4E3638E-C68B-4C29-A065-BE8F6FA06889','09-10(II)',57,62,NULL,NULL,'C2002','ME102102','T007',NULL),
('F580DF27-DBA2-4894-AC87-8810F544623A','10-11(II)',55,NULL,NULL,NULL,'C3003','NW103104','T002',NULL),
('F688A006-11DB-475F-9BDB-73C94D8AC864','09-10(II)',54,55,NULL,NULL,'C2002','SW103104','T007',NULL),
('F8D1A453-604F-4A72-B547-708250BBB7C0','09-10(I)',71,NULL,NULL,NULL,'C2001','SW103202','T008',NULL),
('F95CBBCB-D37D-4DAD-86AA-96F003CD8521','10-11(II)',91,NULL,NULL,NULL,'C3008','ME102102','T003',NULL),
('FED8A9FD-A3B8-453C-B790-7C03118E441E','10-11(II)',85,NULL,NULL,NULL,'C3006','SW103206','T005',NULL),
('FF717142-57F6-40A9-AEBA-3B7D27E2F333','10-11(II)',43,60,NULL,NULL,'C3004','SW103206','T009',NULL);
/*!40000 ALTER TABLE `score` ENABLE KEYS */;
UNLOCK TABLES;

--
-- Table structure for table `student`
--

DROP TABLE IF EXISTS `student`;
/*!40101 SET @saved_cs_client     = @@character_set_client */;
/*!40101 SET character_set_client = utf8 */;
CREATE TABLE `student` (
  `student_id` varchar(36) NOT NULL,
  `student_password` varchar(50) DEFAULT NULL,
  `student_name` varchar(8) DEFAULT NULL,
  `sex` char(1) DEFAULT NULL,
  `birthday` date DEFAULT NULL,
  `admission_date` date DEFAULT NULL,
  `id_number` char(18) DEFAULT NULL,
  `home_address` varchar(100) DEFAULT NULL,
  `zip_code` char(6) DEFAULT NULL,
  `telephone` varchar(32) DEFAULT NULL,
  `school_class_id` varchar(36) NOT NULL,
  `region_id` char(6) NOT NULL,
  `ethnicity_id` char(2) NOT NULL,
  `roll_id` varchar(6) NOT NULL,
  `remark` varchar(500) DEFAULT NULL,
  PRIMARY KEY (`student_id`),
  UNIQUE KEY `student_name` (`student_name`),
  KEY `fk_student_ethnicity` (`ethnicity_id`),
  KEY `fk_student_region` (`region_id`),
  KEY `fk_student_roll1` (`roll_id`),
  KEY `fk_student_school_class` (`school_class_id`),
  CONSTRAINT `fk_student_ethnicity` FOREIGN KEY (`ethnicity_id`) REFERENCES `ethnicity` (`ethnicity_id`),
  CONSTRAINT `fk_student_region` FOREIGN KEY (`region_id`) REFERENCES `region` (`region_id`),
  CONSTRAINT `fk_student_roll1` FOREIGN KEY (`roll_id`) REFERENCES `roll` (`roll_id`),
  CONSTRAINT `fk_student_school_class` FOREIGN KEY (`school_class_id`) REFERENCES `school_class` (`school_class_id`)
) ENGINE=InnoDB DEFAULT CHARSET=utf8mb4 COLLATE=utf8mb4_unicode_ci;
/*!40101 SET character_set_client = @saved_cs_client */;

--
-- Dumping data for table `student`
--

LOCK TABLES `student` WRITE;
/*!40000 ALTER TABLE `student` DISABLE KEYS */;
INSERT INTO `student` VALUES
('IT102101','123','孙成浩','M','1989-06-24','2010-08-29','410882198906241000','江苏南京六合县高桥镇耿家田夏家田8组','221000','0512-00832968','IT1021','320000','HA','R01',NULL),
('IT102102','123','王俊峰','M','1989-04-22','2010-08-29','362424198904222000','西藏堆龙德庆县河东村','211215','0519-0068231','IT1021','540000','ZA','R01',NULL),
('IT102103','123','王明星','F','1989-04-09','2010-08-28','320283198904095000','湖北咸宁市通山县南林桥镇太平村','211135','025-3001426','IT1021','420000','HA','R01',NULL),
('IT102104','123','王秋静','M','1990-09-15','2010-08-29','320222199009150000','湖北省宣恩县长潭河乡洗马坪村6组','215101','0511-0038858','IT1021','420000','HA','R01',NULL),
('IT102105','123','王一军','F','1989-04-01','2010-08-28','320212198904010000','江苏省宜兴市王家畈乡龙潭河村3组','211316','0510-0013229','IT1021','320000','HA','R01',NULL),
('IT102106','123','王志超','M','1989-07-01','2010-08-27','320283198907014000','江苏徐州市沛县松木坪镇泉水垱村7组','211302','0514-0098224','IT1021','320000','HA','R01',NULL),
('ME102101','123','王希','M','1990-09-15','2010-08-29','32022219900915057x','江苏省姜堰曹市镇向前村3组','210016','025-7000476','ME1021','320000','HA','R05',NULL),
('ME102102','123','吴青','M','1989-05-09','2010-08-28','513721198905090000','江西省吉安市万安县潞田镇楼下村','214135','0512-00583378','ME1021','360000','HA','R01',NULL),
('ME102103','123','夏习瑞','M','1989-05-18','2010-08-27','320203198905180000','江苏省淮安市邓村乡黄金河村12组','212325','0514-0014968','ME1021','320000','HA','R01',NULL),
('ME102104','123','徐祥','M','1989-08-03','2010-08-29','36042119890803081X','山东省枣庄市台儿庄区马兰镇万庄村298号','215431','0510-0042852','ME1021','370000','HA','R01',NULL),
('ME102105','123','徐亚祥','F','1989-04-21','2010-08-29','320822198904210000','江苏宜兴市净潭乡荷花池村','214174','0515-0059753','ME1021','320000','HA','R01',NULL),
('NW103101','123','马吉太','F','1989-07-28','2010-08-28','320811198907284000','安徽省滁州市来安县新昌北路18号15室','214064','0515-0051626','NW1031','340000','HA','R01',NULL),
('NW103102','123','欧艳辉','F','1989-06-02','2010-08-29','320831198906021000','江西省上饶市信州区秦峰乡老坞村','226500','025-4001811','NW1031','360000','HA','R01',NULL),
('NW103103','123','齐小芮','F','1989-05-26','2010-08-29','320684198905260000','湖北省汉川市分水镇光3村','214431','0512-0063278','NW1031','420000','HA','R01',NULL),
('NW103104','123','任阳','F','1989-05-03','2010-08-28','320682198905030000','江西省赣州市红旗大道17号','214216','0510-0019592','NW1031','360000','HA','R01',NULL),
('NW103105','123','史坚','M','1989-10-15','2010-08-29','432522198910151000','江西省南昌市进贤县下橰集乡前东大队库下村','225002','0520-0009016','NW1031','360000','HA','R01',NULL),
('NW103106','123','司林','F','1990-05-15','2010-08-29','320204199005153000','江西吉安市吉安县敦厚镇厚丰村','214191','0511-0037702','NW1031','360000','HA','R03',NULL),
('NW103107','123','宋明','M','1989-05-28','2010-08-29','413026198905284000','山东省招远市大秦家镇水口村','215633','0519-0092926','NW1031','370000','HA','R01',NULL),
('SW103101','123','蔡日','F','1990-05-07','2010-08-29','372822199005076000','云南省南涧县长潭河乡洗马坪村6组','211516','05138001498','SW1031','530000','HA','R01',NULL),
('SW103102','123','陈琳','M','1990-02-20','2010-08-28','420922199002200000','安徽省霍邱县乌龙镇铜佛村仓房组','215600','05105003107','SW1031','340000','HA','R01',NULL),
('SW103103','123','程恒坤','F','1989-09-29','2010-08-28','320283198909296000','福建省漳州市平和县坂仔镇广成路南街2号','225001','0520-0005766','SW1031','350000','ZH','R01',NULL),
('SW103104','123','范烨','F','1989-08-12','2010-08-27','320201198908122000','新疆乌鲁木齐市阿勒泰路星河市场10号','214174','5163001852','SW1031','650000','UG','R01',NULL),
('SW103105','123','顾建芳','M','1989-07-13','2010-08-29','320322198907130000','江西省龙南县杨村镇新陂村田心塘18号','224031','13016003062','SW1031','360000','HA','R01',NULL),
('SW103201','123','侯学亮','M','1989-03-18','2010-08-29','340822198903180000','深圳市南山区蛇口花果山招北振兴36栋163市','215626','0510-0064647','SW1032','440000','MG','R01',NULL),
('SW103202','123','霍勇','M','1989-09-05','2010-08-29','32022219890905322X','','215600','0510-0025186','SW1032','360000','HA','R01',NULL),
('SW103203','123','季建龙','M','1990-02-09','2010-08-27','370881199002091000','河北省唐山市迁安县南林桥镇太平村','214426','5102007223','SW1032','130000','HA','R01',NULL),
('SW103204','123','鞠迪','M','1990-05-05','2010-08-27','342623199005058000','江苏省东台市经济园货场东巷23号','215425','5138002609','SW1032','320000','HA','R01',NULL),
('SW103205','123','练德生','F','1989-02-28','2010-08-29','320222198902280000',NULL,'214016','0511-0051574','SW1032','360000','HA','R01',NULL),
('SW103206','123','刘凯健','M','1990-10-15','2010-08-29','330424199010150000','江苏省兴化市旧县镇旧县村8组','214177','0523-0062395','SW1032','320000','HA','R01',NULL),
('SW103207','123','刘文雪','M','1989-11-14','2010-08-28','320203198911142000','江西省南昌市进贤县钟陵街2号','226200','5153002164','SW1032','360000','HA','R01',NULL);
/*!40000 ALTER TABLE `student` ENABLE KEYS */;
UNLOCK TABLES;
/*!40103 SET TIME_ZONE=@OLD_TIME_ZONE */;

/*!40101 SET SQL_MODE=@OLD_SQL_MODE */;
/*!40014 SET FOREIGN_KEY_CHECKS=@OLD_FOREIGN_KEY_CHECKS */;
/*!40014 SET UNIQUE_CHECKS=@OLD_UNIQUE_CHECKS */;
/*!40101 SET CHARACTER_SET_CLIENT=@OLD_CHARACTER_SET_CLIENT */;
/*!40101 SET CHARACTER_SET_RESULTS=@OLD_CHARACTER_SET_RESULTS */;
/*!40101 SET COLLATION_CONNECTION=@OLD_COLLATION_CONNECTION */;
/*M!100616 SET NOTE_VERBOSITY=@OLD_NOTE_VERBOSITY */;

-- Dump completed on 2024-12-08 17:47:00
